id,answeredByUserPublicProfileId,questionId,answeredAtUTC,answer
1,1,1,"2023-10-01T10:00:00Z","The idea came from a desire to share knowledge and connect with like-minded individuals."
2,2,2,"2023-10-02T11:00:00Z","We will cover the latest trends and innovations in technology."
3,3,3,"2023-10-03T12:00:00Z","Yes, many attendees have found valuable connections and insights."
4,4,4,"2023-10-04T13:00:00Z","Stay persistent, network, and always be open to learning."
5,5,5,"2023-10-05T14:00:00Z","AI will continue to advance, becoming more integrated into everyday life."
6,6,6,"2023-10-06T15:00:00Z","Keeping up with rapid changes and understanding consumer behavior."
7,7,7,"2023-10-07T16:00:00Z","Strong analytical skills, attention to detail, and continuous learning."
8,8,8,"2023-10-08T17:00:00Z","Yes, there are many online courses and books available on the topic."
9,9,9,"2023-10-09T18:00:00Z","Increased focus on performance, security, and user experience."
10,10,10,"2023-10-10T19:00:00Z","Start by learning the basics of programming and explore development platforms."
11,11,11,"2023-10-11T10:00:00Z","Strong analytical skills, attention to detail, and continuous learning."
12,12,12,"2023-10-12T11:00:00Z","How can startups leverage big data analytics?"
13,13,13,"2023-10-13T12:00:00Z","What are the latest trends in UX/UI design?"
14,14,14,"2023-10-14T13:00:00Z","What are the benefits of attending a digital marketing seminar?"
15,15,15,"2023-10-15T14:00:00Z","How can I get started with product management?"
16,16,16,"2023-10-16T15:00:00Z","What are the key takeaways from the Tech Conference 2025?"
17,17,17,"2023-10-17T16:00:00Z","What are the common pitfalls in startup pitches?"
18,18,18,"2023-10-18T17:00:00Z","How can AI be applied in real-world scenarios?"
19,19,19,"2023-10-19T18:00:00Z","What are the latest advancements in blockchain technology?"
20,20,20,"2023-10-20T19:00:00Z","What are the best practices for web development?"