"id","submittedByUserPublicProfileId","submittedAtUTC","url","title","upVoteCount","downVoteCount","tags","summary"
"1","1","2023-10-01T12:00:00Z","https://example.com/cybersecurity-basics","Cybersecurity Basics","10","2","basics,security","An introduction to cybersecurity basics, covering fundamental concepts and practices essential for protecting digital assets. This article provides a comprehensive overview of key cybersecurity principles, including threat identification, risk management, and the implementation of security measures to safeguard information systems."
"2","2","2023-10-02T14:30:00Z","https://example.com/phishing-attacks","Understanding Phishing Attacks","15","1","phishing,security","Learn about phishing attacks and how to prevent them. This article delves into the various types of phishing techniques used by cybercriminals to deceive individuals and organizations. It also offers practical advice on recognizing phishing attempts and implementing effective countermeasures to protect sensitive information."
"3","3","2023-10-03T09:45:00Z","https://example.com/ransomware-guide","Ransomware: A Comprehensive Guide","20","3","ransomware,security","A comprehensive guide to ransomware, exploring the different forms of ransomware attacks and their devastating impact on victims. This article provides insights into the methods used by attackers to deploy ransomware, as well as strategies for preventing infections and responding to incidents effectively."
"4","4","2023-10-04T16:20:00Z","https://example.com/network-security","Network Security Best Practices","25","0","network,security","Best practices for securing your network, focusing on the implementation of robust security protocols and technologies. This article covers essential topics such as firewalls, intrusion detection systems, and encryption techniques, providing readers with actionable steps to enhance their network security posture."
"5","5","2023-10-05T11:10:00Z","https://example.com/password-management","Effective Password Management","30","5","password,security","Tips for managing passwords effectively, emphasizing the importance of strong, unique passwords for each account. This article discusses various password management tools and techniques, including the use of password managers, multi-factor authentication, and best practices for creating and storing secure passwords."
"6","6","2023-10-06T10:00:00Z","https://example.com/malware-detection","Malware Detection Techniques","12","1","malware,security","Techniques for detecting malware, highlighting the latest advancements in malware detection technologies. This article explores different methods for identifying malicious software, including signature-based detection, heuristic analysis, and behavioral monitoring, and provides guidance on implementing these techniques to protect systems from malware threats."
"7","7","2023-10-07T13:15:00Z","https://example.com/firewall-configuration","Configuring Firewalls for Maximum Security","18","2","firewall,security","How to configure firewalls for maximum security, offering detailed instructions on setting up and managing firewall rules. This article explains the importance of firewalls in network security, discusses different types of firewalls, and provides best practices for configuring firewalls to block unauthorized access and protect sensitive data."
"8","8","2023-10-08T08:30:00Z","https://example.com/zero-day-exploits","Understanding Zero-Day Exploits","22","4","zero-day,security","Understanding zero-day exploits, which are vulnerabilities that are exploited by attackers before they are discovered and patched by software vendors. This article examines the nature of zero-day exploits, their potential impact on systems, and strategies for mitigating the risks associated with these elusive threats."
"9","9","2023-10-09T17:45:00Z","https://example.com/social-engineering","Social Engineering: The Human Element","16","3","social,engineering","The human element in social engineering, focusing on the psychological manipulation techniques used by attackers to deceive individuals into divulging confidential information. This article explores common social engineering tactics, such as phishing, pretexting, and baiting, and offers tips for recognizing and defending against these types of attacks."
"10","10","2023-10-10T12:20:00Z","https://example.com/incident-response","Incident Response Planning","14","1","incident,response","Planning for incident response, outlining the steps organizations should take to prepare for and respond to security incidents. This article covers the development of incident response plans, the establishment of incident response teams, and the implementation of procedures for detecting, analyzing, and mitigating security breaches."
"11","11","2023-10-11T11:00:00Z","https://example.com/data-encryption","Data Encryption Methods","19","2","encryption,security","Methods for data encryption, discussing various encryption algorithms and their applications in protecting sensitive information. This article explains the principles of symmetric and asymmetric encryption, explores different encryption standards, and provides guidance on selecting and implementing encryption solutions to secure data at rest and in transit."
"12","12","2023-10-12T15:30:00Z","https://example.com/secure-coding","Secure Coding Practices","21","3","coding,security","Practices for secure coding, emphasizing the importance of writing code that is resilient to security vulnerabilities. This article covers common coding flaws, such as buffer overflows and SQL injection, and offers best practices for developing secure software, including code reviews, static analysis, and the use of secure coding frameworks."
"13","13","2023-10-13T09:10:00Z","https://example.com/threat-hunting","Threat Hunting Techniques","17","1","threat,hunting","Techniques for threat hunting, focusing on proactive approaches to identifying and mitigating security threats. This article explores the role of threat hunters in cybersecurity, discusses various threat hunting methodologies, and provides practical tips for conducting effective threat hunts to detect and respond to advanced persistent threats."
"14","14","2023-10-14T14:40:00Z","https://example.com/siem-tools","SIEM Tools and Their Uses","23","2","siem,tools","Uses of SIEM tools, which are essential for monitoring and analyzing security events in real-time. This article explains the functionality of Security Information and Event Management (SIEM) systems, discusses their role in threat detection and incident response, and provides guidance on selecting and deploying SIEM solutions to enhance security operations."
"15","15","2023-10-15T10:50:00Z","https://example.com/penetration-testing","Penetration Testing Explained","20","3","penetration,testing","Explanation of penetration testing, a critical practice for assessing the security of information systems. This article covers the different phases of penetration testing, including reconnaissance, exploitation, and reporting, and provides insights into the tools and techniques used by ethical hackers to identify and remediate security vulnerabilities."
"16","16","2023-10-16T13:00:00Z","https://example.com/vulnerability-assessment","Vulnerability Assessment Methods","18","2","vulnerability,assessment","Methods for vulnerability assessment, focusing on the identification and evaluation of security weaknesses in systems and networks. This article discusses various vulnerability assessment techniques, such as automated scanning and manual testing, and offers best practices for conducting thorough assessments to prioritize and address security risks."
"17","17","2023-10-17T08:20:00Z","https://example.com/identity-management","Identity and Access Management","22","4","identity,management","Identity and access management, which involves the processes and technologies used to manage digital identities and control access to resources. This article explores the components of IAM systems, such as authentication, authorization, and user provisioning, and provides guidance on implementing IAM solutions to enhance security and compliance."
"18","18","2023-10-18T16:30:00Z","https://example.com/cloud-security","Cloud Security Best Practices","24","1","cloud,security","Best practices for cloud security, addressing the unique challenges and risks associated with cloud computing environments. This article covers key cloud security principles, such as data protection, access control, and compliance, and offers practical advice for securing cloud infrastructure, applications, and services to prevent data breaches and ensure regulatory compliance."
"19","19","2023-10-19T11:40:00Z","https://example.com/mobile-security","Mobile Device Security","19","3","mobile,security","Security for mobile devices, focusing on the protection of smartphones, tablets, and other mobile endpoints. This article discusses common mobile security threats, such as malware and phishing, and provides best practices for securing mobile devices, including the use of mobile device management (MDM) solutions, encryption, and secure app development practices."
"20","20","2023-10-20T14:50:00Z","https://example.com/iot-security","Securing IoT Devices","21","2","iot,security","Securing IoT devices, which are increasingly targeted by cybercriminals due to their widespread use and often inadequate security measures. This article explores the unique security challenges posed by IoT devices, discusses common vulnerabilities, and offers strategies for securing IoT ecosystems, including device authentication, network segmentation, and firmware updates."
"21","1","2023-10-21T09:00:00Z","https://example.com/endpoint-security","Endpoint Security Solutions","23","1","endpoint,security","Solutions for endpoint security, which involve protecting individual devices that connect to a network. This article covers various endpoint security technologies, such as antivirus software, endpoint detection and response (EDR) tools, and data loss prevention (DLP) solutions, and provides best practices for implementing comprehensive endpoint security strategies."
"22","2","2023-10-22T12:10:00Z","https://example.com/forensics","Digital Forensics Techniques","18","3","forensics,security","Techniques for digital forensics, which involve the investigation and analysis of digital evidence in the context of cybercrime. This article discusses the principles of digital forensics, the tools and methodologies used by forensic investigators, and the importance of maintaining the integrity of evidence throughout the forensic process to support legal proceedings."
"23","3","2023-10-23T15:20:00Z","https://example.com/insider-threats","Mitigating Insider Threats","20","2","insider,threats","Mitigating insider threats, which are posed by individuals within an organization who may intentionally or unintentionally cause harm. This article explores the different types of insider threats, such as malicious insiders and negligent employees, and provides strategies for detecting and preventing insider incidents, including user behavior analytics and access controls."
"24","4","2023-10-24T10:30:00Z","https://example.com/advanced-persistent-threats","Understanding APTs","22","4","apt,security","Understanding advanced persistent threats (APTs), which are sophisticated, targeted cyberattacks carried out by well-funded adversaries. This article examines the characteristics of APTs, the tactics and techniques used by attackers, and the importance of a multi-layered defense strategy to detect, respond to, and mitigate the impact of APTs on organizations."
"25","5","2023-10-25T13:40:00Z","https://example.com/security-awareness","Security Awareness Training","24","1","awareness,training","Training for security awareness, which is essential for educating employees about cybersecurity risks and best practices. This article discusses the components of effective security awareness programs, the role of training in reducing human error, and the use of various training methods, such as simulations and interactive modules, to engage and inform employees about security threats."
"26","6","2023-10-26T08:50:00Z","https://example.com/biometrics","Biometrics in Security","19","3","biometrics,security","Biometrics in security, which involves the use of unique biological characteristics for authentication and access control. This article explores different biometric technologies, such as fingerprint recognition, facial recognition, and iris scanning, and discusses their applications, benefits, and potential privacy concerns in enhancing security measures."
"27","7","2023-10-27T17:00:00Z","https://example.com/cryptography","Introduction to Cryptography","21","2","cryptography,security","Introduction to cryptography, which is the science of securing communication through the use of mathematical algorithms. This article covers the basic concepts of cryptography, including encryption, decryption, and cryptographic keys, and provides an overview of common cryptographic techniques and their applications in protecting data confidentiality and integrity."
"28","8","2023-10-28T11:10:00Z","https://example.com/security-policies","Creating Effective Security Policies","23","1","policies,security","Creating effective security policies, which are essential for establishing a framework for protecting organizational assets. This article discusses the components of comprehensive security policies, the process of policy development and implementation, and the importance of regularly reviewing and updating policies to address evolving security threats and regulatory requirements."
"29","9","2023-10-29T14:20:00Z","https://example.com/security-audits","Conducting Security Audits","18","3","audits,security","Conducting security audits, which involve the systematic evaluation of an organization's security posture. This article covers the different types of security audits, such as internal and external audits, the steps involved in the audit process, and the importance of using audit findings to identify vulnerabilities and improve overall security measures."
"30","10","2023-10-30T09:30:00Z","https://example.com/risk-management","Risk Management Strategies","20","2","risk,management","Strategies for risk management, which involve identifying, assessing, and mitigating risks to an organization's information assets. This article discusses the risk management process, including risk assessment, risk treatment, and risk monitoring, and provides best practices for developing and implementing effective risk management frameworks to enhance organizational resilience."